{
    "next": {
        "accuracy": {
            "mean": 0.35092625473484845,
            "std": 0.005885937106781422,
            "min": 0.3455255681818182,
            "max": 0.3571999289772727
        },
        "f1": {
            "mean": 0.3340446848991779,
            "std": 0.0061525901833230446,
            "min": 0.3280420038061374,
            "max": 0.34033695703650396
        }
    },
    "category": {
        "accuracy": {
            "mean": 0.7504960578275447,
            "std": 0.0018562162760769137,
            "min": 0.7487193686833725,
            "max": 0.752422704199354
        },
        "f1": {
            "mean": 0.7144787012569104,
            "std": 0.002436622497498735,
            "min": 0.7117221949632385,
            "max": 0.7163452002281295
        }
    }
}