{
    "category": {
        "accuracy": {
            "mean": 0.3464052287581699,
            "std": 0.009905519324331834,
            "min": 0.33578431372549017,
            "max": 0.3553921568627451
        },
        "f1": {
            "mean": 0.12261493354182687,
            "std": 0.011032066533927744,
            "min": 0.11144367979606298,
            "max": 0.1335023345818934
        }
    },
    "next": {
        "accuracy": {
            "mean": 0.363914373088685,
            "std": 0.03318430338564329,
            "min": 0.3256880733944954,
            "max": 0.3853211009174312
        },
        "f1": {
            "mean": 0.3281734944375809,
            "std": 0.006598465917119671,
            "min": 0.3214214118694419,
            "max": 0.33460678746204814
        }
    }
}