{
    "next": {
        "accuracy": {
            "mean": 0.3084895833333333,
            "std": 0.005546886461989338,
            "min": 0.30208984375,
            "max": 0.3119140625
        },
        "f1": {
            "mean": 0.29234227944365554,
            "std": 0.0020517998251319137,
            "min": 0.29075386636028294,
            "max": 0.29465884942087206
        }
    },
    "category": {
        "accuracy": {
            "mean": 0.5189430563560009,
            "std": 0.003927925606921018,
            "min": 0.5144827865204903,
            "max": 0.5218859986245399
        },
        "f1": {
            "mean": 0.4241973473187317,
            "std": 0.005640161400800751,
            "min": 0.4177164997231166,
            "max": 0.42799489000770147
        }
    }
}