{
    "Community": {
        "precision": 0.34271844660194173,
        "recall": 0.5175953079178885,
        "f1-score": 0.41238317757009346,
        "support": 682.0
    },
    "Entertainment": {
        "precision": 0.15346534653465346,
        "recall": 0.3024390243902439,
        "f1-score": 0.20361247947454844,
        "support": 205.0
    },
    "Food": {
        "precision": 0.44143033292231815,
        "recall": 0.3026204564666103,
        "f1-score": 0.35907723169508526,
        "support": 1183.0
    },
    "Nightlife": {
        "precision": 0.16666666666666666,
        "recall": 0.29411764705882354,
        "f1-score": 0.2127659574468085,
        "support": 136.0
    },
    "Outdoors": {
        "precision": 0.11013215859030837,
        "recall": 0.30120481927710846,
        "f1-score": 0.16129032258064516,
        "support": 166.0
    },
    "Shopping": {
        "precision": 0.4535809018567639,
        "recall": 0.1947608200455581,
        "f1-score": 0.2725099601593626,
        "support": 878.0
    },
    "Travel": {
        "precision": 0.2893081761006289,
        "recall": 0.20444444444444446,
        "f1-score": 0.23958333333333334,
        "support": 225.0
    },
    "macro avg": {
        "precision": 0.2796145756104687,
        "recall": 0.3024546456572396,
        "f1-score": 0.2658889231799824,
        "support": 3475.0
    },
    "weighted avg": {
        "precision": 0.37171034155820676,
        "recall": 0.3107913669064748,
        "f1-score": 0.3155840602219987,
        "support": 3475.0
    }
}