{
    "fold_number": 1,
    "duration": 94.87617921829224,
    "best_epochs": {
        "next": {
            "epoch": 8,
            "accuracy": 0.30264672036823936,
            "f1": 0.2595962421490306,
            "time": 22.981049299240112
        },
        "category": {
            "epoch": 39,
            "accuracy": 0.7695004382120947,
            "f1": 0.727010712801049,
            "time": 77.67470502853394
        }
    }
}