{
    "fold_number": 3,
    "duration": 92.09237051010132,
    "best_epochs": {
        "next": {
            "epoch": 15,
            "accuracy": 0.30762589928057554,
            "f1": 0.2664054836699682,
            "time": 29.794800758361816
        },
        "category": {
            "epoch": 31,
            "accuracy": 0.7695004382120947,
            "f1": 0.7273341042904699,
            "time": 59.1578164100647
        }
    }
}