{
    "Community": {
        "precision": 0.7277580071174378,
        "recall": 0.7616387337057728,
        "f1-score": 0.7443130118289354,
        "support": 537.0
    },
    "Entertainment": {
        "precision": 0.7411764705882353,
        "recall": 0.65625,
        "f1-score": 0.6961325966850829,
        "support": 192.0
    },
    "Food": {
        "precision": 0.7923497267759563,
        "recall": 0.7726465364120781,
        "f1-score": 0.7823741007194245,
        "support": 1126.0
    },
    "Nightlife": {
        "precision": 0.691358024691358,
        "recall": 0.5957446808510638,
        "f1-score": 0.64,
        "support": 94.0
    },
    "Outdoors": {
        "precision": 0.7037037037037037,
        "recall": 0.6745562130177515,
        "f1-score": 0.6888217522658611,
        "support": 169.0
    },
    "Shopping": {
        "precision": 0.7623931623931623,
        "recall": 0.7935943060498221,
        "f1-score": 0.7776809067131648,
        "support": 1124.0
    },
    "Travel": {
        "precision": 0.7,
        "recall": 0.6961325966850829,
        "f1-score": 0.6980609418282548,
        "support": 181.0
    },
    "macro avg": {
        "precision": 0.7312484421814077,
        "recall": 0.7072232952459387,
        "f1-score": 0.7181976157201034,
        "support": 3423.0
    },
    "weighted avg": {
        "precision": 0.7574762545432544,
        "recall": 0.7575226409582237,
        "f1-score": 0.7570376947342062,
        "support": 3423.0
    }
}