{
    "Community": {
        "precision": 0.8043052837573386,
        "recall": 0.7639405204460966,
        "f1-score": 0.7836034318398475,
        "support": 538.0
    },
    "Entertainment": {
        "precision": 0.7166666666666667,
        "recall": 0.671875,
        "f1-score": 0.6935483870967742,
        "support": 192.0
    },
    "Food": {
        "precision": 0.8001841620626151,
        "recall": 0.7717584369449378,
        "f1-score": 0.7857142857142857,
        "support": 1126.0
    },
    "Nightlife": {
        "precision": 0.6521739130434783,
        "recall": 0.6382978723404256,
        "f1-score": 0.6451612903225806,
        "support": 94.0
    },
    "Outdoors": {
        "precision": 0.7361963190184049,
        "recall": 0.7100591715976331,
        "f1-score": 0.7228915662650602,
        "support": 169.0
    },
    "Shopping": {
        "precision": 0.7585644371941273,
        "recall": 0.8274021352313167,
        "f1-score": 0.7914893617021277,
        "support": 1124.0
    },
    "Travel": {
        "precision": 0.696969696969697,
        "recall": 0.6388888888888888,
        "f1-score": 0.6666666666666666,
        "support": 180.0
    },
    "macro avg": {
        "precision": 0.7378657826731897,
        "recall": 0.7174602893498998,
        "f1-score": 0.727010712801049,
        "support": 3423.0
    },
    "weighted avg": {
        "precision": 0.7698294209012253,
        "recall": 0.7695004382120947,
        "f1-score": 0.7688875550420724,
        "support": 3423.0
    }
}