{
    "Community": {
        "precision": 0.4167832167832168,
        "recall": 0.43759177679882527,
        "f1-score": 0.4269340974212034,
        "support": 681.0
    },
    "Entertainment": {
        "precision": 0.1694915254237288,
        "recall": 0.24509803921568626,
        "f1-score": 0.20040080160320642,
        "support": 204.0
    },
    "Food": {
        "precision": 0.511049723756906,
        "recall": 0.15625,
        "f1-score": 0.23932729624838292,
        "support": 1184.0
    },
    "Nightlife": {
        "precision": 0.1524163568773234,
        "recall": 0.3014705882352941,
        "f1-score": 0.20246913580246914,
        "support": 136.0
    },
    "Outdoors": {
        "precision": 0.1375,
        "recall": 0.13253012048192772,
        "f1-score": 0.13496932515337423,
        "support": 166.0
    },
    "Shopping": {
        "precision": 0.39467592592592593,
        "recall": 0.38794084186575656,
        "f1-score": 0.3912794033275961,
        "support": 879.0
    },
    "Travel": {
        "precision": 0.14180024660912455,
        "recall": 0.5088495575221239,
        "f1-score": 0.22179363548698167,
        "support": 226.0
    },
    "macro avg": {
        "precision": 0.27481671362517507,
        "recall": 0.3099615605885163,
        "f1-score": 0.2595962421490306,
        "support": 3476.0
    },
    "weighted avg": {
        "precision": 0.3872293250580711,
        "recall": 0.30264672036823936,
        "f1-score": 0.30465709730109025,
        "support": 3476.0
    }
}