{
    "Community": {
        "precision": 0.41734104046242776,
        "recall": 0.5301027900146843,
        "f1-score": 0.4670116429495472,
        "support": 681.0
    },
    "Entertainment": {
        "precision": 0.13402061855670103,
        "recall": 0.44390243902439025,
        "f1-score": 0.20588235294117646,
        "support": 205.0
    },
    "Food": {
        "precision": 0.4413489736070381,
        "recall": 0.25422297297297297,
        "f1-score": 0.32261521972132906,
        "support": 1184.0
    },
    "Nightlife": {
        "precision": 0.11324376199616124,
        "recall": 0.4338235294117647,
        "f1-score": 0.1796042617960426,
        "support": 136.0
    },
    "Outdoors": {
        "precision": 0.15789473684210525,
        "recall": 0.14545454545454545,
        "f1-score": 0.15141955835962145,
        "support": 165.0
    },
    "Shopping": {
        "precision": 0.4641025641025641,
        "recall": 0.20591581342434584,
        "f1-score": 0.285263987391647,
        "support": 879.0
    },
    "Travel": {
        "precision": 0.27956989247311825,
        "recall": 0.2311111111111111,
        "f1-score": 0.25304136253041365,
        "support": 225.0
    },
    "macro avg": {
        "precision": 0.2867887982914451,
        "recall": 0.3206476002019736,
        "f1-score": 0.2664054836699682,
        "support": 3475.0
    },
    "weighted avg": {
        "precision": 0.3874946253159139,
        "recall": 0.30762589928057554,
        "f1-score": 0.31634791066815443,
        "support": 3475.0
    }
}