{
    "fold_number": 2,
    "duration": 90.97541761398315,
    "best_epochs": {
        "next": {
            "epoch": 11,
            "accuracy": 0.3107913669064748,
            "f1": 0.2658889231799824,
            "time": 21.734313488006592
        },
        "category": {
            "epoch": 38,
            "accuracy": 0.7575226409582237,
            "f1": 0.7181976157201034,
            "time": 70.74972724914551
        }
    }
}