{
    "Community": {
        "precision": 0.7900990099009901,
        "recall": 0.741635687732342,
        "f1-score": 0.7651006711409396,
        "support": 538.0
    },
    "Entertainment": {
        "precision": 0.7016574585635359,
        "recall": 0.6580310880829016,
        "f1-score": 0.679144385026738,
        "support": 193.0
    },
    "Food": {
        "precision": 0.8030575539568345,
        "recall": 0.7923691215616682,
        "f1-score": 0.7976775346136669,
        "support": 1127.0
    },
    "Nightlife": {
        "precision": 0.6774193548387096,
        "recall": 0.6774193548387096,
        "f1-score": 0.6774193548387096,
        "support": 93.0
    },
    "Outdoors": {
        "precision": 0.7088607594936709,
        "recall": 0.6627218934911243,
        "f1-score": 0.6850152905198776,
        "support": 169.0
    },
    "Shopping": {
        "precision": 0.7705334462320068,
        "recall": 0.8103294746215495,
        "f1-score": 0.7899305555555556,
        "support": 1123.0
    },
    "Travel": {
        "precision": 0.6735751295336787,
        "recall": 0.7222222222222222,
        "f1-score": 0.6970509383378016,
        "support": 180.0
    },
    "macro avg": {
        "precision": 0.7321718160742037,
        "recall": 0.723532691792931,
        "f1-score": 0.7273341042904699,
        "support": 3423.0
    },
    "weighted avg": {
        "precision": 0.7697601729266386,
        "recall": 0.7695004382120947,
        "f1-score": 0.7692113280108503,
        "support": 3423.0
    }
}