{
    "fold_number": 3,
    "duration": 346.6893904209137,
    "best_epochs": {
        "next": {
            "epoch": 32,
            "accuracy": 0.30208984375,
            "f1": 0.29075386636028294,
            "time": 229.22701692581177
        },
        "category": {
            "epoch": 22,
            "accuracy": 0.5204603839229727,
            "f1": 0.42688065222537713,
            "time": 160.2824809551239
        }
    }
}