{
    "Community": {
        "precision": 0.5431786216596343,
        "recall": 0.29342045281872053,
        "f1-score": 0.3810181531176006,
        "support": 6581.0
    },
    "Entertainment": {
        "precision": 0.5377081292850147,
        "recall": 0.24153101627804663,
        "f1-score": 0.3333333333333333,
        "support": 2273.0
    },
    "Food": {
        "precision": 0.60321212542585,
        "recall": 0.5091250513467519,
        "f1-score": 0.5521894093686355,
        "support": 17041.0
    },
    "Nightlife": {
        "precision": 0.5864583333333333,
        "recall": 0.333926453143535,
        "f1-score": 0.4255479969765684,
        "support": 1686.0
    },
    "Outdoors": {
        "precision": 0.5729847494553377,
        "recall": 0.246485473289597,
        "f1-score": 0.34469200524246396,
        "support": 3201.0
    },
    "Shopping": {
        "precision": 0.457483306894898,
        "recall": 0.7575442883323152,
        "f1-score": 0.570462543413759,
        "support": 16370.0
    },
    "Travel": {
        "precision": 0.5082125603864734,
        "recall": 0.23009623797025372,
        "f1-score": 0.316772056609455,
        "support": 2286.0
    },
    "macro avg": {
        "precision": 0.5441768323486488,
        "recall": 0.3731612818827457,
        "f1-score": 0.4177164997231166,
        "support": 49438.0
    },
    "weighted avg": {
        "precision": 0.537033769495293,
        "recall": 0.5144827865204903,
        "f1-score": 0.49675255160323195,
        "support": 49438.0
    }
}