{
    "Community": {
        "precision": 0.5141448222164547,
        "recall": 0.3010180823583042,
        "f1-score": 0.3797201456775925,
        "support": 6581.0
    },
    "Entertainment": {
        "precision": 0.47739463601532567,
        "recall": 0.27396657871591906,
        "f1-score": 0.34814193908913105,
        "support": 2274.0
    },
    "Food": {
        "precision": 0.5837042532146389,
        "recall": 0.5541079812206573,
        "f1-score": 0.5685211946050096,
        "support": 17040.0
    },
    "Nightlife": {
        "precision": 0.6678200692041523,
        "recall": 0.34321280379371666,
        "f1-score": 0.4534064212999217,
        "support": 1687.0
    },
    "Outdoors": {
        "precision": 0.5674281503316139,
        "recall": 0.24054982817869416,
        "f1-score": 0.3378674857393594,
        "support": 3201.0
    },
    "Shopping": {
        "precision": 0.4749320326243403,
        "recall": 0.7257010202211497,
        "f1-score": 0.5741282230975568,
        "support": 16369.0
    },
    "Travel": {
        "precision": 0.6071428571428571,
        "recall": 0.23053368328958881,
        "f1-score": 0.33417882054533926,
        "support": 2286.0
    },
    "macro avg": {
        "precision": 0.556080974392769,
        "recall": 0.38129856825400427,
        "f1-score": 0.42799489000770147,
        "support": 49438.0
    },
    "weighted avg": {
        "precision": 0.5364404695072229,
        "recall": 0.5218859986245399,
        "f1-score": 0.5054100555543811,
        "support": 49438.0
    }
}