{
    "Community": {
        "precision": 0.5443905224093634,
        "recall": 0.2897735906397204,
        "f1-score": 0.37822292740975805,
        "support": 6581.0
    },
    "Entertainment": {
        "precision": 0.6200227531285551,
        "recall": 0.23966578715919085,
        "f1-score": 0.3457025055502696,
        "support": 2274.0
    },
    "Food": {
        "precision": 0.5804708143165986,
        "recall": 0.5672535211267605,
        "f1-score": 0.5737860619731687,
        "support": 17040.0
    },
    "Nightlife": {
        "precision": 0.5989528795811518,
        "recall": 0.3390634262003557,
        "f1-score": 0.43300529901589707,
        "support": 1687.0
    },
    "Outdoors": {
        "precision": 0.5243589743589744,
        "recall": 0.2555451421430803,
        "f1-score": 0.3436252888048729,
        "support": 3201.0
    },
    "Shopping": {
        "precision": 0.4706955252918288,
        "recall": 0.7094507911295742,
        "f1-score": 0.5659218829950537,
        "support": 16369.0
    },
    "Travel": {
        "precision": 0.5008223684210527,
        "recall": 0.26652078774617066,
        "f1-score": 0.34790059982862037,
        "support": 2285.0
    },
    "macro avg": {
        "precision": 0.5485305482153607,
        "recall": 0.3810390065921218,
        "f1-score": 0.42688065222537713,
        "support": 49437.0
    },
    "weighted avg": {
        "precision": 0.534455755702525,
        "recall": 0.5204603839229727,
        "f1-score": 0.5045103817219162,
        "support": 49437.0
    }
}