{
    "Community": {
        "precision": 0.31716374608332365,
        "recall": 0.3744348540896013,
        "f1-score": 0.3434279969841669,
        "support": 7299.0
    },
    "Entertainment": {
        "precision": 0.18232153450662447,
        "recall": 0.2690399766559673,
        "f1-score": 0.21735030645921735,
        "support": 3427.0
    },
    "Food": {
        "precision": 0.47985347985347987,
        "recall": 0.19845015440191108,
        "f1-score": 0.28077985243806936,
        "support": 17163.0
    },
    "Nightlife": {
        "precision": 0.1508828250401284,
        "recall": 0.3855331841909023,
        "f1-score": 0.21688515993707394,
        "support": 2682.0
    },
    "Outdoors": {
        "precision": 0.1778937985483255,
        "recall": 0.3665704539490947,
        "f1-score": 0.23954046639231824,
        "support": 3811.0
    },
    "Shopping": {
        "precision": 0.38880499345615627,
        "recall": 0.33691005844892263,
        "f1-score": 0.36100205645915123,
        "support": 11463.0
    },
    "Travel": {
        "precision": 0.3639661426844015,
        "recall": 0.3934640522875817,
        "f1-score": 0.37814070351758794,
        "support": 5355.0
    },
    "macro avg": {
        "precision": 0.2944123600246343,
        "recall": 0.33205753343199723,
        "f1-score": 0.2910180774553693,
        "support": 51200.0
    },
    "weighted avg": {
        "precision": 0.36453224010214536,
        "recall": 0.30197265625,
        "f1-score": 0.30719237918980563,
        "support": 51200.0
    }
}