{
    "fold_number": 2,
    "duration": 345.10782527923584,
    "best_epochs": {
        "next": {
            "epoch": 7,
            "accuracy": 0.31146484375,
            "f1": 0.29161412254981156,
            "time": 58.209829568862915
        },
        "category": {
            "epoch": 18,
            "accuracy": 0.5218859986245399,
            "f1": 0.42799489000770147,
            "time": 133.10095763206482
        }
    }
}