{
    "Community": {
        "precision": 0.335982460948205,
        "recall": 0.3361206305688828,
        "f1-score": 0.3360515315562256,
        "support": 7295.0
    },
    "Entertainment": {
        "precision": 0.1941793893129771,
        "recall": 0.23621590249564714,
        "f1-score": 0.21314480230426813,
        "support": 3446.0
    },
    "Food": {
        "precision": 0.48546794604366567,
        "recall": 0.20275293297711697,
        "f1-score": 0.2860420336761031,
        "support": 17218.0
    },
    "Nightlife": {
        "precision": 0.14670981661272922,
        "recall": 0.40521415270018624,
        "f1-score": 0.21542421542421542,
        "support": 2685.0
    },
    "Outdoors": {
        "precision": 0.21309192200557103,
        "recall": 0.27897890075540505,
        "f1-score": 0.2416243654822335,
        "support": 3839.0
    },
    "Shopping": {
        "precision": 0.3746842059412841,
        "recall": 0.37897612124416247,
        "f1-score": 0.3768179428771684,
        "support": 11349.0
    },
    "Travel": {
        "precision": 0.3064666201442196,
        "recall": 0.49087183308494786,
        "f1-score": 0.37734498066733496,
        "support": 5368.0
    },
    "macro avg": {
        "precision": 0.29379748014409307,
        "recall": 0.3327329248323355,
        "f1-score": 0.292349981712507,
        "support": 51200.0
    },
    "weighted avg": {
        "precision": 0.36305275272491955,
        "recall": 0.309609375,
        "f1-score": 0.3109212752873802,
        "support": 51200.0
    }
}