{
    "Community": {
        "precision": 0.34102941176470586,
        "recall": 0.31823795800741045,
        "f1-score": 0.32923972456875134,
        "support": 7287.0
    },
    "Entertainment": {
        "precision": 0.17280842298008697,
        "recall": 0.219988344988345,
        "f1-score": 0.19356492757338803,
        "support": 3432.0
    },
    "Food": {
        "precision": 0.4694505494505494,
        "recall": 0.24485584914311917,
        "f1-score": 0.3218442761893999,
        "support": 17447.0
    },
    "Nightlife": {
        "precision": 0.1574372182871861,
        "recall": 0.3698940998487141,
        "f1-score": 0.22086720867208673,
        "support": 2644.0
    },
    "Outdoors": {
        "precision": 0.16984983233707537,
        "recall": 0.30577427821522307,
        "f1-score": 0.21838972724716468,
        "support": 3810.0
    },
    "Shopping": {
        "precision": 0.3674302142260966,
        "recall": 0.3511477443942214,
        "f1-score": 0.35910450466781474,
        "support": 11283.0
    },
    "Travel": {
        "precision": 0.3314963967782959,
        "recall": 0.44289220313384936,
        "f1-score": 0.379182156133829,
        "support": 5297.0
    },
    "macro avg": {
        "precision": 0.28707172083199944,
        "recall": 0.32182721110441176,
        "f1-score": 0.28888464643606204,
        "support": 51200.0
    },
    "weighted avg": {
        "precision": 0.35612708895828254,
        "recall": 0.30853515625,
        "f1-score": 0.31552819450760466,
        "support": 51200.0
    }
}