{
    "fold_number": 1,
    "duration": 351.06491136550903,
    "best_epochs": {
        "next": {
            "epoch": 26,
            "accuracy": 0.3119140625,
            "f1": 0.29465884942087206,
            "time": 193.63755416870117
        },
        "category": {
            "epoch": 19,
            "accuracy": 0.5144827865204903,
            "f1": 0.4177164997231166,
            "time": 146.4826045036316
        }
    }
}