{
    "next": {
        "accuracy": {
            "mean": 0.36241183623054923,
            "std": 0.008958554949972258,
            "min": 0.3527352414548759,
            "max": 0.3704168893639765
        },
        "f1": {
            "mean": 0.34286960450836484,
            "std": 0.008609812516646085,
            "min": 0.33298904721675215,
            "max": 0.34876372395701255
        }
    },
    "category": {
        "accuracy": {
            "mean": 1.0,
            "std": 0.0,
            "min": 1.0,
            "max": 1.0
        },
        "f1": {
            "mean": 1.0,
            "std": 0.0,
            "min": 1.0,
            "max": 1.0
        }
    }
}