{
    "Community": {
        "precision": 0.3272857483886369,
        "recall": 0.5659442724458205,
        "f1-score": 0.4147319065265068,
        "support": 4845.0
    },
    "Entertainment": {
        "precision": 0.2894973070017953,
        "recall": 0.38773669972948605,
        "f1-score": 0.3314917127071823,
        "support": 3327.0
    },
    "Food": {
        "precision": 0.4705124903425187,
        "recall": 0.16966939078751858,
        "f1-score": 0.24940277114190157,
        "support": 10768.0
    },
    "Nightlife": {
        "precision": 0.20774883099532399,
        "recall": 0.2897065673032138,
        "f1-score": 0.24197626920832524,
        "support": 2147.0
    },
    "Outdoors": {
        "precision": 0.1898588303082685,
        "recall": 0.2835628227194492,
        "f1-score": 0.2274374460742019,
        "support": 2324.0
    },
    "Shopping": {
        "precision": 0.44191887479593117,
        "recall": 0.3890547263681592,
        "f1-score": 0.4138052681091251,
        "support": 9045.0
    },
    "Travel": {
        "precision": 0.4048453936882372,
        "recall": 0.5117872254684667,
        "f1-score": 0.45207795675002227,
        "support": 4963.0
    },
    "macro avg": {
        "precision": 0.33309535364581594,
        "recall": 0.3710659578317306,
        "f1-score": 0.33298904721675215,
        "support": 37419.0
    },
    "weighted avg": {
        "precision": 0.38774440953882927,
        "recall": 0.3527352414548759,
        "f1-score": 0.3429390758442992,
        "support": 37419.0
    }
}