{
    "fold_number": 2,
    "duration": 262.2686343193054,
    "best_epochs": {
        "next": {
            "epoch": 10,
            "accuracy": 0.3704168893639765,
            "f1": 0.34876372395701255,
            "time": 61.95210909843445
        },
        "category": {
            "epoch": 49,
            "accuracy": 1.0,
            "f1": 1.0,
            "time": 260.7886998653412
        }
    }
}