{
    "Community": {
        "precision": 0.3495185694635488,
        "recall": 0.5244582043343653,
        "f1-score": 0.4194799834915394,
        "support": 4845.0
    },
    "Entertainment": {
        "precision": 0.3297347316471314,
        "recall": 0.32131048993086864,
        "f1-score": 0.3254681077789618,
        "support": 3327.0
    },
    "Food": {
        "precision": 0.44763406940063094,
        "recall": 0.2635586924219911,
        "f1-score": 0.33177460837035305,
        "support": 10768.0
    },
    "Nightlife": {
        "precision": 0.20989304812834225,
        "recall": 0.3657968313140727,
        "f1-score": 0.2667346245327897,
        "support": 2146.0
    },
    "Outdoors": {
        "precision": 0.1881554595928439,
        "recall": 0.2623655913978495,
        "f1-score": 0.21914855397880367,
        "support": 2325.0
    },
    "Shopping": {
        "precision": 0.4577222293074863,
        "recall": 0.39674994472695113,
        "f1-score": 0.4250606975780186,
        "support": 9046.0
    },
    "Travel": {
        "precision": 0.4228024369016536,
        "recall": 0.4894217207334274,
        "f1-score": 0.4536794919686216,
        "support": 4963.0
    },
    "macro avg": {
        "precision": 0.3436372206345196,
        "recall": 0.3748087821227894,
        "f1-score": 0.34876372395701255,
        "support": 37420.0
    },
    "weighted avg": {
        "precision": 0.3938371001080199,
        "recall": 0.3704168893639765,
        "f1-score": 0.3705613356148634,
        "support": 37420.0
    }
}