{
    "fold_number": 3,
    "duration": 265.0766849517822,
    "best_epochs": {
        "next": {
            "epoch": 13,
            "accuracy": 0.3527352414548759,
            "f1": 0.33298904721675215,
            "time": 78.78252720832825
        },
        "category": {
            "epoch": 43,
            "accuracy": 1.0,
            "f1": 1.0,
            "time": 232.11860013008118
        }
    }
}