{
    "fold_number": 1,
    "duration": 266.3908178806305,
    "best_epochs": {
        "next": {
            "epoch": 14,
            "accuracy": 0.3640833778727953,
            "f1": 0.34685604235132983,
            "time": 88.03821349143982
        },
        "category": {
            "epoch": 12,
            "accuracy": 1.0,
            "f1": 1.0,
            "time": 77.86102628707886
        }
    }
}