{
    "Community": {
        "precision": 0.3630788101809261,
        "recall": 0.4887512899896801,
        "f1-score": 0.4166446731767397,
        "support": 4845.0
    },
    "Entertainment": {
        "precision": 0.3284438775510204,
        "recall": 0.3095882176134656,
        "f1-score": 0.3187374284388055,
        "support": 3327.0
    },
    "Food": {
        "precision": 0.457372654155496,
        "recall": 0.2376265205682979,
        "f1-score": 0.3127597164507455,
        "support": 10769.0
    },
    "Nightlife": {
        "precision": 0.2118918918918919,
        "recall": 0.36533084808946875,
        "f1-score": 0.2682175846732809,
        "support": 2146.0
    },
    "Outdoors": {
        "precision": 0.18163078332569857,
        "recall": 0.3412220309810671,
        "f1-score": 0.23707025411061286,
        "support": 2324.0
    },
    "Shopping": {
        "precision": 0.4563029661016949,
        "recall": 0.38098396904367055,
        "f1-score": 0.4152557691149003,
        "support": 9045.0
    },
    "Travel": {
        "precision": 0.40372575965796303,
        "recall": 0.532634971796938,
        "f1-score": 0.4593068704942239,
        "support": 4964.0
    },
    "macro avg": {
        "precision": 0.34320667755209866,
        "recall": 0.37944826401179826,
        "f1-score": 0.34685604235132983,
        "support": 37420.0
    },
    "weighted avg": {
        "precision": 0.39512241230144973,
        "recall": 0.3640833778727953,
        "f1-score": 0.3637019293547519,
        "support": 37420.0
    }
}