{
    "fold_number": 1,
    "duration": 204.26459503173828,
    "best_epochs": {
        "next": {
            "epoch": 14,
            "accuracy": 0.33154296875,
            "f1": 0.3126147017398119,
            "time": 66.3973798751831
        },
        "category": {
            "epoch": 30,
            "accuracy": 0.35995414596866643,
            "f1": 0.1213011878149631,
            "time": 127.64112567901611
        }
    }
}