{
    "fold_number": 3,
    "duration": 203.54734754562378,
    "best_epochs": {
        "next": {
            "epoch": 12,
            "accuracy": 0.342041015625,
            "f1": 0.309045105632618,
            "time": 54.04654240608215
        },
        "category": {
            "epoch": 9,
            "accuracy": 0.3597452229299363,
            "f1": 0.12197187015588952,
            "time": 42.28215503692627
        }
    }
}