{
    "Community": {
        "precision": 0.4312573443008226,
        "recall": 0.48068107400130977,
        "f1-score": 0.45462991638278105,
        "support": 1527.0
    },
    "Entertainment": {
        "precision": 0.11092806150466776,
        "recall": 0.4469026548672566,
        "f1-score": 0.17773867135943686,
        "support": 452.0
    },
    "Food": {
        "precision": 0.5348027842227379,
        "recall": 0.166908037653874,
        "f1-score": 0.2544150110375276,
        "support": 2762.0
    },
    "Nightlife": {
        "precision": 0.21936459909228442,
        "recall": 0.3310502283105023,
        "f1-score": 0.26387625113739765,
        "support": 438.0
    },
    "Outdoors": {
        "precision": 0.1588235294117647,
        "recall": 0.3813559322033898,
        "f1-score": 0.22425249169435216,
        "support": 354.0
    },
    "Shopping": {
        "precision": 0.47300380228136885,
        "recall": 0.3068574247656635,
        "f1-score": 0.37223219628964693,
        "support": 2027.0
    },
    "Travel": {
        "precision": 0.33741080530071355,
        "recall": 0.5237341772151899,
        "f1-score": 0.41041537507749537,
        "support": 632.0
    },
    "macro avg": {
        "precision": 0.32365584658776564,
        "recall": 0.37678421843102655,
        "f1-score": 0.30822284471123396,
        "support": 8192.0
    },
    "weighted avg": {
        "precision": 0.42848172589834455,
        "recall": 0.321044921875,
        "f1-score": 0.327894577788415,
        "support": 8192.0
    }
}