{
    "fold_number": 2,
    "duration": 204.05002617835999,
    "best_epochs": {
        "next": {
            "epoch": 6,
            "accuracy": 0.31982421875,
            "f1": 0.30658937792776164,
            "time": 29.78544807434082
        },
        "category": {
            "epoch": 46,
            "accuracy": 0.36356687898089174,
            "f1": 0.12269096267084902,
            "time": 190.44437670707703
        }
    }
}