{
    "Community": {
        "precision": 0.0,
        "recall": 0.0,
        "f1-score": 0.0,
        "support": 1082.0
    },
    "Entertainment": {
        "precision": 0.0,
        "recall": 0.0,
        "f1-score": 0.0,
        "support": 368.0
    },
    "Food": {
        "precision": 0.3546099290780142,
        "recall": 0.5031680954155796,
        "f1-score": 0.41602465331278893,
        "support": 2683.0
    },
    "Nightlife": {
        "precision": 0.0,
        "recall": 0.0,
        "f1-score": 0.0,
        "support": 245.0
    },
    "Outdoors": {
        "precision": 0.0,
        "recall": 0.0,
        "f1-score": 0.0,
        "support": 409.0
    },
    "Shopping": {
        "precision": 0.36458075686371505,
        "recall": 0.5477517651430694,
        "f1-score": 0.4377784377784378,
        "support": 2691.0
    },
    "Travel": {
        "precision": 0.0,
        "recall": 0.0,
        "f1-score": 0.0,
        "support": 372.0
    },
    "macro avg": {
        "precision": 0.10274152656310417,
        "recall": 0.1501314086512356,
        "f1-score": 0.12197187015588952,
        "support": 7850.0
    },
    "weighted avg": {
        "precision": 0.24617901355879862,
        "recall": 0.3597452229299363,
        "f1-score": 0.2922619007515909,
        "support": 7850.0
    }
}