{
    "Community": {
        "precision": 0.43279901356350187,
        "recall": 0.4612352168199737,
        "f1-score": 0.44656488549618323,
        "support": 1522.0
    },
    "Entertainment": {
        "precision": 0.14666666666666667,
        "recall": 0.2688888888888889,
        "f1-score": 0.18980392156862744,
        "support": 450.0
    },
    "Food": {
        "precision": 0.5060240963855421,
        "recall": 0.21265822784810126,
        "f1-score": 0.2994652406417112,
        "support": 2765.0
    },
    "Nightlife": {
        "precision": 0.14571005917159763,
        "recall": 0.4497716894977169,
        "f1-score": 0.2201117318435754,
        "support": 438.0
    },
    "Outdoors": {
        "precision": 0.14708691499522444,
        "recall": 0.4375,
        "f1-score": 0.22015725518227305,
        "support": 352.0
    },
    "Shopping": {
        "precision": 0.44879898862199746,
        "recall": 0.34906588003933137,
        "f1-score": 0.3926991150442478,
        "support": 2034.0
    },
    "Travel": {
        "precision": 0.4368770764119601,
        "recall": 0.41679873217115687,
        "f1-score": 0.42660178426601786,
        "support": 631.0
    },
    "macro avg": {
        "precision": 0.3234232594023558,
        "recall": 0.3708455193235956,
        "f1-score": 0.31362913343466226,
        "support": 8192.0
    },
    "weighted avg": {
        "precision": 0.41845689736550806,
        "recall": 0.3338623046875,
        "f1-score": 0.34606261340929056,
        "support": 8192.0
    }
}