{
    "Community": {
        "precision": 0.3874555160142349,
        "recall": 0.571522309711286,
        "f1-score": 0.4618239660657476,
        "support": 1524.0
    },
    "Entertainment": {
        "precision": 0.16695957820738136,
        "recall": 0.2149321266968326,
        "f1-score": 0.18793273986152326,
        "support": 442.0
    },
    "Food": {
        "precision": 0.5923392612859097,
        "recall": 0.15536419088625764,
        "f1-score": 0.24616259238203525,
        "support": 2787.0
    },
    "Nightlife": {
        "precision": 0.1590909090909091,
        "recall": 0.41647597254004576,
        "f1-score": 0.23023402909550916,
        "support": 437.0
    },
    "Outdoors": {
        "precision": 0.13700107874865156,
        "recall": 0.37026239067055394,
        "f1-score": 0.2,
        "support": 343.0
    },
    "Shopping": {
        "precision": 0.4457274826789838,
        "recall": 0.3799212598425197,
        "f1-score": 0.410201912858661,
        "support": 2032.0
    },
    "Travel": {
        "precision": 0.36741973840665876,
        "recall": 0.49282296650717705,
        "f1-score": 0.4209809264305177,
        "support": 627.0
    },
    "macro avg": {
        "precision": 0.3222847949189614,
        "recall": 0.37161445955066746,
        "f1-score": 0.30819088095628483,
        "support": 8192.0
    },
    "weighted avg": {
        "precision": 0.4355142064508511,
        "recall": 0.3404541015625,
        "f1-score": 0.3344285569808589,
        "support": 8192.0
    }
}