{
    "Community": {
        "precision": 0.0,
        "recall": 0.0,
        "f1-score": 0.0,
        "support": 1082.0
    },
    "Entertainment": {
        "precision": 0.0,
        "recall": 0.0,
        "f1-score": 0.0,
        "support": 368.0
    },
    "Food": {
        "precision": 0.35890710382513663,
        "recall": 0.6120014908684308,
        "f1-score": 0.4524662441443924,
        "support": 2683.0
    },
    "Nightlife": {
        "precision": 0.0,
        "recall": 0.0,
        "f1-score": 0.0,
        "support": 245.0
    },
    "Outdoors": {
        "precision": 0.0,
        "recall": 0.0,
        "f1-score": 0.0,
        "support": 410.0
    },
    "Shopping": {
        "precision": 0.3700763358778626,
        "recall": 0.45055762081784384,
        "f1-score": 0.4063704945515507,
        "support": 2690.0
    },
    "Travel": {
        "precision": 0.0,
        "recall": 0.0,
        "f1-score": 0.0,
        "support": 372.0
    },
    "macro avg": {
        "precision": 0.10414049138614276,
        "recall": 0.15179415881232497,
        "f1-score": 0.12269096267084902,
        "support": 7850.0
    },
    "weighted avg": {
        "precision": 0.24948447172920915,
        "recall": 0.36356687898089174,
        "f1-score": 0.29389854310612434,
        "support": 7850.0
    }
}