{
    "next": {
        "accuracy": {
            "mean": 0.39143730886850153,
            "std": 0.04162280608200674,
            "min": 0.3440366972477064,
            "max": 0.42201834862385323
        },
        "f1": {
            "mean": 0.3403049251710996,
            "std": 0.03777225522454224,
            "min": 0.2967323681609396,
            "max": 0.3637697362034858
        }
    },
    "category": {
        "accuracy": {
            "mean": 0.9957682291666666,
            "std": 0.001973365177894229,
            "min": 0.99365234375,
            "max": 0.99755859375
        },
        "f1": {
            "mean": 0.9923525043030973,
            "std": 0.00414959266541225,
            "min": 0.9876888316886785,
            "max": 0.9956365683131084
        }
    }
}