{
    "Community": {
        "precision": 0.7407539118065434,
        "recall": 0.7311337311337311,
        "f1-score": 0.7359123829712065,
        "support": 2849.0
    },
    "Entertainment": {
        "precision": 0.6592082616179001,
        "recall": 0.6772767462422635,
        "f1-score": 0.6681203663323158,
        "support": 1131.0
    },
    "Food": {
        "precision": 0.7525712606523656,
        "recall": 0.7732487922705314,
        "f1-score": 0.7627699180938198,
        "support": 6624.0
    },
    "Nightlife": {
        "precision": 0.6179883945841392,
        "recall": 0.6621761658031088,
        "f1-score": 0.639319659829915,
        "support": 965.0
    },
    "Outdoors": {
        "precision": 0.7107023411371237,
        "recall": 0.6756756756756757,
        "f1-score": 0.6927465362673186,
        "support": 1258.0
    },
    "Shopping": {
        "precision": 0.8097051770348427,
        "recall": 0.7692307692307693,
        "f1-score": 0.7889492131125009,
        "support": 7462.0
    },
    "Travel": {
        "precision": 0.6522292993630573,
        "recall": 0.7420289855072464,
        "f1-score": 0.6942372881355933,
        "support": 1380.0
    },
    "macro avg": {
        "precision": 0.7061655208851388,
        "recall": 0.7186815522661895,
        "f1-score": 0.7117221949632385,
        "support": 21669.0
    },
    "weighted avg": {
        "precision": 0.7510048123709985,
        "recall": 0.7487193686833725,
        "f1-score": 0.7493862915267449,
        "support": 21669.0
    }
}