{
    "fold_number": 3,
    "duration": 157.9866704940796,
    "best_epochs": {
        "next": {
            "epoch": 21,
            "accuracy": 0.3455255681818182,
            "f1": 0.3280420038061374,
            "time": 70.83127546310425
        },
        "category": {
            "epoch": 29,
            "accuracy": 0.7487193686833725,
            "f1": 0.7117221949632385,
            "time": 95.86159253120422
        }
    }
}