{
    "Community": {
        "precision": 0.7403740374037404,
        "recall": 0.708421052631579,
        "f1-score": 0.7240451855836472,
        "support": 2850.0
    },
    "Entertainment": {
        "precision": 0.7258687258687259,
        "recall": 0.6643109540636042,
        "f1-score": 0.6937269372693727,
        "support": 1132.0
    },
    "Food": {
        "precision": 0.823259102156239,
        "recall": 0.7030943396226416,
        "f1-score": 0.7584466335585769,
        "support": 6625.0
    },
    "Nightlife": {
        "precision": 0.6796338672768879,
        "recall": 0.6161825726141079,
        "f1-score": 0.6463547334058759,
        "support": 964.0
    },
    "Outdoors": {
        "precision": 0.6767143933685004,
        "recall": 0.7143993635640413,
        "f1-score": 0.695046439628483,
        "support": 1257.0
    },
    "Shopping": {
        "precision": 0.7430588235294118,
        "recall": 0.8465353169816379,
        "f1-score": 0.7914291084518514,
        "support": 7461.0
    },
    "Travel": {
        "precision": 0.6608527131782945,
        "recall": 0.7407675597393193,
        "f1-score": 0.698531922157733,
        "support": 1381.0
    },
    "macro avg": {
        "precision": 0.7213945232545429,
        "recall": 0.7133873084595616,
        "f1-score": 0.715368708579363,
        "support": 21670.0
    },
    "weighted avg": {
        "precision": 0.7544179730429365,
        "recall": 0.7503461005999077,
        "f1-score": 0.7494149109138558,
        "support": 21670.0
    }
}