{
    "Community": {
        "precision": 0.316028955532575,
        "recall": 0.5290858725761773,
        "f1-score": 0.39570115240191633,
        "support": 2888.0
    },
    "Entertainment": {
        "precision": 0.27560894227560895,
        "recall": 0.4068965517241379,
        "f1-score": 0.3286254227173264,
        "support": 2030.0
    },
    "Food": {
        "precision": 0.44388714733542317,
        "recall": 0.21721122871606074,
        "f1-score": 0.2916881244206406,
        "support": 6519.0
    },
    "Nightlife": {
        "precision": 0.19363929146537842,
        "recall": 0.3763693270735524,
        "f1-score": 0.2557150451887294,
        "support": 1278.0
    },
    "Outdoors": {
        "precision": 0.19672131147540983,
        "recall": 0.23292595255212079,
        "f1-score": 0.21329822251481237,
        "support": 1391.0
    },
    "Shopping": {
        "precision": 0.4696399785061795,
        "recall": 0.3226282761166482,
        "f1-score": 0.3824945295404814,
        "support": 5418.0
    },
    "Travel": {
        "precision": 0.4133588831097728,
        "recall": 0.5026631158455392,
        "f1-score": 0.4536578038155325,
        "support": 3004.0
    },
    "macro avg": {
        "precision": 0.3298406442429068,
        "recall": 0.3696829035148909,
        "f1-score": 0.3315971857999198,
        "support": 22528.0
    },
    "weighted avg": {
        "precision": 0.3849976889666404,
        "recall": 0.34770063920454547,
        "f1-score": 0.34490653756802875,
        "support": 22528.0
    }
}