{
    "fold_number": 1,
    "duration": 165.6474838256836,
    "best_epochs": {
        "next": {
            "epoch": 21,
            "accuracy": 0.3571999289772727,
            "f1": 0.34033695703650396,
            "time": 78.36482858657837
        },
        "category": {
            "epoch": 16,
            "accuracy": 0.752422704199354,
            "f1": 0.7163452002281295,
            "time": 63.30007815361023
        }
    }
}