{
    "Community": {
        "precision": 0.7515370705244123,
        "recall": 0.7291228070175438,
        "f1-score": 0.740160284951024,
        "support": 2850.0
    },
    "Entertainment": {
        "precision": 0.6925795053003534,
        "recall": 0.6925795053003534,
        "f1-score": 0.6925795053003534,
        "support": 1132.0
    },
    "Food": {
        "precision": 0.8016290514169353,
        "recall": 0.7130566037735849,
        "f1-score": 0.7547531554561432,
        "support": 6625.0
    },
    "Nightlife": {
        "precision": 0.6518134715025907,
        "recall": 0.6524896265560166,
        "f1-score": 0.6521513737687922,
        "support": 964.0
    },
    "Outdoors": {
        "precision": 0.7236614853195165,
        "recall": 0.6666666666666666,
        "f1-score": 0.6939958592132505,
        "support": 1257.0
    },
    "Shopping": {
        "precision": 0.7614466634193863,
        "recall": 0.8380914086583567,
        "f1-score": 0.797932750590187,
        "support": 7461.0
    },
    "Travel": {
        "precision": 0.6466019417475728,
        "recall": 0.723388848660391,
        "f1-score": 0.6828434723171565,
        "support": 1381.0
    },
    "macro avg": {
        "precision": 0.7184670270329667,
        "recall": 0.7164850666618446,
        "f1-score": 0.7163452002281295,
        "support": 21670.0
    },
    "weighted avg": {
        "precision": 0.7544427608459778,
        "recall": 0.752422704199354,
        "f1-score": 0.75178155393516,
        "support": 21670.0
    }
}