{
    "fold_number": 2,
    "duration": 159.7728545665741,
    "best_epochs": {
        "next": {
            "epoch": 14,
            "accuracy": 0.35005326704545453,
            "f1": 0.3337550938548922,
            "time": 50.35176062583923
        },
        "category": {
            "epoch": 21,
            "accuracy": 0.7503461005999077,
            "f1": 0.715368708579363,
            "time": 72.45018911361694
        }
    }
}