{
    "Community": {
        "precision": 0.34472612041647804,
        "recall": 0.5105598390881663,
        "f1-score": 0.4115660045939738,
        "support": 2983.0
    },
    "Entertainment": {
        "precision": 0.27169689119170987,
        "recall": 0.42545638945233266,
        "f1-score": 0.33162055335968377,
        "support": 1972.0
    },
    "Food": {
        "precision": 0.4573147799924784,
        "recall": 0.18621745788667687,
        "f1-score": 0.26466427249972796,
        "support": 6530.0
    },
    "Nightlife": {
        "precision": 0.18608349900596421,
        "recall": 0.3564356435643564,
        "f1-score": 0.2445141065830721,
        "support": 1313.0
    },
    "Outdoors": {
        "precision": 0.1896969696969697,
        "recall": 0.22357142857142856,
        "f1-score": 0.20524590163934425,
        "support": 1400.0
    },
    "Shopping": {
        "precision": 0.45682523267838676,
        "recall": 0.32789014659491555,
        "f1-score": 0.38176515069677003,
        "support": 5389.0
    },
    "Travel": {
        "precision": 0.38036951501154737,
        "recall": 0.560013600816049,
        "f1-score": 0.45303259524136985,
        "support": 2941.0
    },
    "macro avg": {
        "precision": 0.3266732868562192,
        "recall": 0.37002064371056076,
        "f1-score": 0.32748694065913453,
        "support": 22528.0
    },
    "weighted avg": {
        "precision": 0.3835569564234138,
        "recall": 0.3450372869318182,
        "f1-score": 0.3377133951660494,
        "support": 22528.0
    }
}