{
    "Community": {
        "precision": 0.3153665229321835,
        "recall": 0.5482112436115844,
        "f1-score": 0.4003981585168595,
        "support": 2935.0
    },
    "Entertainment": {
        "precision": 0.3244163424124514,
        "recall": 0.3335,
        "f1-score": 0.32889546351084814,
        "support": 2000.0
    },
    "Food": {
        "precision": 0.4415363698164514,
        "recall": 0.20030840400925212,
        "f1-score": 0.2755913864431951,
        "support": 6485.0
    },
    "Nightlife": {
        "precision": 0.18739967897271267,
        "recall": 0.365987460815047,
        "f1-score": 0.24787685774946921,
        "support": 1276.0
    },
    "Outdoors": {
        "precision": 0.19793926247288504,
        "recall": 0.2612741589119542,
        "f1-score": 0.22523912372724467,
        "support": 1397.0
    },
    "Shopping": {
        "precision": 0.45327754532775455,
        "recall": 0.3553206997084548,
        "f1-score": 0.3983656792645557,
        "support": 5488.0
    },
    "Travel": {
        "precision": 0.41055408970976254,
        "recall": 0.5279945707499152,
        "f1-score": 0.46192667359358763,
        "support": 2947.0
    },
    "macro avg": {
        "precision": 0.3329271159491716,
        "recall": 0.3703709339723154,
        "f1-score": 0.3340419061151086,
        "support": 22528.0
    },
    "weighted avg": {
        "precision": 0.3840079012370267,
        "recall": 0.3512517755681818,
        "f1-score": 0.3461757965452889,
        "support": 22528.0
    }
}