{
    "next": {
        "accuracy": {
            "mean": 0.3565034228541338,
            "std": 0.020003601804341815,
            "min": 0.3412322274881517,
            "max": 0.3791469194312796
        },
        "f1": {
            "mean": 0.31737079789443134,
            "std": 0.011427656008800037,
            "min": 0.306881857233711,
            "max": 0.32954909218544837
        }
    },
    "category": {
        "accuracy": {
            "mean": 0.3626068245899432,
            "std": 0.0035017518222791506,
            "min": 0.3602550478214665,
            "max": 0.36663124335812963
        },
        "f1": {
            "mean": 0.08579584792936443,
            "std": 0.0022246682460574083,
            "min": 0.08353553380925645,
            "max": 0.08798306878306879
        }
    }
}