{
    "next": {
        "accuracy": {
            "mean": 0.3311360677083333,
            "std": 0.011113986332074307,
            "min": 0.31982421875,
            "max": 0.342041015625
        },
        "f1": {
            "mean": 0.30941639510006386,
            "std": 0.0030297728729216725,
            "min": 0.30658937792776164,
            "max": 0.3126147017398119
        }
    },
    "category": {
        "accuracy": {
            "mean": 0.3610887492931648,
            "std": 0.002148664066559301,
            "min": 0.3597452229299363,
            "max": 0.36356687898089174
        },
        "f1": {
            "mean": 0.12198800688056721,
            "std": 0.0006950279367951126,
            "min": 0.1213011878149631,
            "max": 0.12269096267084902
        }
    }
}