{
    "Community": {
        "precision": 0.559322033898305,
        "recall": 0.75,
        "f1-score": 0.6407766990291263,
        "support": 44.0
    },
    "Entertainment": {
        "precision": 0.2222222222222222,
        "recall": 0.2857142857142857,
        "f1-score": 0.25,
        "support": 7.0
    },
    "Food": {
        "precision": 0.5,
        "recall": 0.016666666666666666,
        "f1-score": 0.03225806451612903,
        "support": 60.0
    },
    "Nightlife": {
        "precision": 0.5,
        "recall": 0.23076923076923078,
        "f1-score": 0.3157894736842105,
        "support": 13.0
    },
    "Outdoors": {
        "precision": 0.4090909090909091,
        "recall": 0.6,
        "f1-score": 0.4864864864864865,
        "support": 15.0
    },
    "Shopping": {
        "precision": 0.29411764705882354,
        "recall": 0.5555555555555556,
        "f1-score": 0.38461538461538464,
        "support": 45.0
    },
    "Travel": {
        "precision": 0.34285714285714286,
        "recall": 0.35294117647058826,
        "f1-score": 0.34782608695652173,
        "support": 34.0
    },
    "macro avg": {
        "precision": 0.4039442793039147,
        "recall": 0.39880670216804676,
        "f1-score": 0.35110745646969416,
        "support": 218.0
    },
    "weighted avg": {
        "precision": 0.42979140210199324,
        "recall": 0.38990825688073394,
        "f1-score": 0.33218347865896963,
        "support": 218.0
    }
}