{
    "Community": {
        "precision": 0.5471698113207547,
        "recall": 0.6590909090909091,
        "f1-score": 0.5979381443298969,
        "support": 44.0
    },
    "Entertainment": {
        "precision": 0.2,
        "recall": 0.2857142857142857,
        "f1-score": 0.23529411764705882,
        "support": 7.0
    },
    "Food": {
        "precision": 0.42424242424242425,
        "recall": 0.23333333333333334,
        "f1-score": 0.3010752688172043,
        "support": 60.0
    },
    "Nightlife": {
        "precision": 0.2,
        "recall": 0.3333333333333333,
        "f1-score": 0.25,
        "support": 12.0
    },
    "Outdoors": {
        "precision": 0.2631578947368421,
        "recall": 0.3333333333333333,
        "f1-score": 0.29411764705882354,
        "support": 15.0
    },
    "Shopping": {
        "precision": 0.30952380952380953,
        "recall": 0.28888888888888886,
        "f1-score": 0.2988505747126437,
        "support": 45.0
    },
    "Travel": {
        "precision": 0.4146341463414634,
        "recall": 0.4857142857142857,
        "f1-score": 0.4473684210526316,
        "support": 35.0
    },
    "macro avg": {
        "precision": 0.33696115516647057,
        "recall": 0.374201195629767,
        "f1-score": 0.34637773908832264,
        "support": 218.0
    },
    "weighted avg": {
        "precision": 0.3932025326799722,
        "recall": 0.3853211009174312,
        "f1-score": 0.3786182963663787,
        "support": 218.0
    }
}