{
    "fold_number": 3,
    "duration": 248.38351845741272,
    "best_epochs": {
        "next": {
            "epoch": 9,
            "accuracy": 0.3944954128440367,
            "f1": 0.33122301283220823,
            "time": 55.871864795684814
        },
        "category": {
            "epoch": 43,
            "accuracy": 0.6666666666666666,
            "f1": 0.5991020191106066,
            "time": 217.8866729736328
        }
    }
}