{
    "Community": {
        "precision": 0.7307692307692307,
        "recall": 0.59375,
        "f1-score": 0.6551724137931034,
        "support": 32.0
    },
    "Entertainment": {
        "precision": 0.6666666666666666,
        "recall": 0.19047619047619047,
        "f1-score": 0.2962962962962963,
        "support": 21.0
    },
    "Food": {
        "precision": 0.6809815950920245,
        "recall": 0.7928571428571428,
        "f1-score": 0.7326732673267327,
        "support": 140.0
    },
    "Nightlife": {
        "precision": 0.5833333333333334,
        "recall": 0.5,
        "f1-score": 0.5384615384615384,
        "support": 28.0
    },
    "Outdoors": {
        "precision": 0.5789473684210527,
        "recall": 0.7096774193548387,
        "f1-score": 0.6376811594202898,
        "support": 31.0
    },
    "Shopping": {
        "precision": 0.5803571428571429,
        "recall": 0.6310679611650486,
        "f1-score": 0.6046511627906976,
        "support": 103.0
    },
    "Travel": {
        "precision": 0.8717948717948718,
        "recall": 0.6415094339622641,
        "f1-score": 0.7391304347826086,
        "support": 53.0
    },
    "macro avg": {
        "precision": 0.6704071727049031,
        "recall": 0.5799054496879265,
        "f1-score": 0.6005808961244667,
        "support": 408.0
    },
    "weighted avg": {
        "precision": 0.6690800352237712,
        "recall": 0.6593137254901961,
        "f1-score": 0.6521078890176869,
        "support": 408.0
    }
}