{
    "Community": {
        "precision": 0.5068493150684932,
        "recall": 0.8604651162790697,
        "f1-score": 0.6379310344827587,
        "support": 43.0
    },
    "Entertainment": {
        "precision": 0.14285714285714285,
        "recall": 0.125,
        "f1-score": 0.13333333333333333,
        "support": 8.0
    },
    "Food": {
        "precision": 0.3333333333333333,
        "recall": 0.11666666666666667,
        "f1-score": 0.1728395061728395,
        "support": 60.0
    },
    "Nightlife": {
        "precision": 0.3333333333333333,
        "recall": 0.16666666666666666,
        "f1-score": 0.2222222222222222,
        "support": 12.0
    },
    "Outdoors": {
        "precision": 0.2894736842105263,
        "recall": 0.6875,
        "f1-score": 0.4074074074074074,
        "support": 16.0
    },
    "Shopping": {
        "precision": 0.35714285714285715,
        "recall": 0.3333333333333333,
        "f1-score": 0.3448275862068966,
        "support": 45.0
    },
    "Travel": {
        "precision": 0.41935483870967744,
        "recall": 0.38235294117647056,
        "f1-score": 0.4,
        "support": 34.0
    },
    "macro avg": {
        "precision": 0.3403349292364805,
        "recall": 0.3817121034460296,
        "f1-score": 0.33122301283220823,
        "support": 218.0
    },
    "weighted avg": {
        "precision": 0.37568096204462553,
        "recall": 0.3944954128440367,
        "f1-score": 0.35399311047839993,
        "support": 218.0
    }
}