{
    "fold_number": 2,
    "duration": 248.46920776367188,
    "best_epochs": {
        "next": {
            "epoch": 6,
            "accuracy": 0.38990825688073394,
            "f1": 0.35110745646969416,
            "time": 45.02662253379822
        },
        "category": {
            "epoch": 41,
            "accuracy": 0.6985294117647058,
            "f1": 0.631678003090814,
            "time": 210.13692808151245
        }
    }
}