{
    "fold_number": 1,
    "duration": 237.54420948028564,
    "best_epochs": {
        "next": {
            "epoch": 39,
            "accuracy": 0.3853211009174312,
            "f1": 0.34637773908832264,
            "time": 189.52159762382507
        },
        "category": {
            "epoch": 38,
            "accuracy": 0.6593137254901961,
            "f1": 0.6005808961244667,
            "time": 184.1467924118042
        }
    }
}