{
    "Community": {
        "precision": 0.7142857142857143,
        "recall": 0.7575757575757576,
        "f1-score": 0.7352941176470589,
        "support": 33.0
    },
    "Entertainment": {
        "precision": 0.4444444444444444,
        "recall": 0.2,
        "f1-score": 0.27586206896551724,
        "support": 20.0
    },
    "Food": {
        "precision": 0.7350993377483444,
        "recall": 0.7985611510791367,
        "f1-score": 0.7655172413793103,
        "support": 139.0
    },
    "Nightlife": {
        "precision": 0.5,
        "recall": 0.6071428571428571,
        "f1-score": 0.5483870967741935,
        "support": 28.0
    },
    "Outdoors": {
        "precision": 0.7,
        "recall": 0.65625,
        "f1-score": 0.6774193548387096,
        "support": 32.0
    },
    "Shopping": {
        "precision": 0.7083333333333334,
        "recall": 0.6601941747572816,
        "f1-score": 0.6834170854271356,
        "support": 103.0
    },
    "Travel": {
        "precision": 0.7358490566037735,
        "recall": 0.7358490566037735,
        "f1-score": 0.7358490566037735,
        "support": 53.0
    },
    "macro avg": {
        "precision": 0.6482874123450871,
        "recall": 0.630796142451258,
        "f1-score": 0.631678003090814,
        "support": 408.0
    },
    "weighted avg": {
        "precision": 0.6936212224036047,
        "recall": 0.6985294117647058,
        "f1-score": 0.6926790727374963,
        "support": 408.0
    }
}