{
    "Community": {
        "precision": 0.4772727272727273,
        "recall": 0.6363636363636364,
        "f1-score": 0.5454545454545454,
        "support": 33.0
    },
    "Entertainment": {
        "precision": 0.3076923076923077,
        "recall": 0.19047619047619047,
        "f1-score": 0.23529411764705882,
        "support": 21.0
    },
    "Food": {
        "precision": 0.7313432835820896,
        "recall": 0.7,
        "f1-score": 0.7153284671532847,
        "support": 140.0
    },
    "Nightlife": {
        "precision": 0.6521739130434783,
        "recall": 0.5357142857142857,
        "f1-score": 0.5882352941176471,
        "support": 28.0
    },
    "Outdoors": {
        "precision": 0.7586206896551724,
        "recall": 0.7096774193548387,
        "f1-score": 0.7333333333333333,
        "support": 31.0
    },
    "Shopping": {
        "precision": 0.6902654867256637,
        "recall": 0.7572815533980582,
        "f1-score": 0.7222222222222222,
        "support": 103.0
    },
    "Travel": {
        "precision": 0.6538461538461539,
        "recall": 0.6538461538461539,
        "f1-score": 0.6538461538461539,
        "support": 52.0
    },
    "macro avg": {
        "precision": 0.6101735088310847,
        "recall": 0.5976227484504519,
        "f1-score": 0.5991020191106066,
        "support": 408.0
    },
    "weighted avg": {
        "precision": 0.6653800349027014,
        "recall": 0.6666666666666666,
        "f1-score": 0.6634313047293245,
        "support": 408.0
    }
}