{
    "next": {
        "accuracy": {
            "mean": 0.38990825688073394,
            "std": 0.0045871559633027525,
            "min": 0.3853211009174312,
            "max": 0.3944954128440367
        },
        "f1": {
            "mean": 0.342902736130075,
            "std": 0.010387709509943036,
            "min": 0.33122301283220823,
            "max": 0.35110745646969416
        }
    },
    "category": {
        "accuracy": {
            "mean": 0.6748366013071895,
            "std": 0.020845344480674946,
            "min": 0.6593137254901961,
            "max": 0.6985294117647058
        },
        "f1": {
            "mean": 0.6104536394419624,
            "std": 0.018395705437127166,
            "min": 0.5991020191106066,
            "max": 0.631678003090814
        }
    }
}