{
    "Community": {
        "precision": 0.38258575197889183,
        "recall": 0.4252199413489736,
        "f1-score": 0.4027777777777778,
        "support": 682.0
    },
    "Entertainment": {
        "precision": 0.12598425196850394,
        "recall": 0.3121951219512195,
        "f1-score": 0.17952314165497896,
        "support": 205.0
    },
    "Food": {
        "precision": 0.48175182481751827,
        "recall": 0.16737109044801352,
        "f1-score": 0.24843161856963614,
        "support": 1183.0
    },
    "Nightlife": {
        "precision": 0.14511873350923482,
        "recall": 0.40441176470588236,
        "f1-score": 0.21359223300970873,
        "support": 136.0
    },
    "Outdoors": {
        "precision": 0.13054187192118227,
        "recall": 0.3192771084337349,
        "f1-score": 0.1853146853146853,
        "support": 166.0
    },
    "Shopping": {
        "precision": 0.41455696202531644,
        "recall": 0.2984054669703872,
        "f1-score": 0.34701986754966885,
        "support": 878.0
    },
    "Travel": {
        "precision": 0.1784776902887139,
        "recall": 0.3022222222222222,
        "f1-score": 0.22442244224422442,
        "support": 225.0
    },
    "macro avg": {
        "precision": 0.2655738695013373,
        "recall": 0.31844324515434763,
        "f1-score": 0.25729739516009714,
        "support": 3475.0
    },
    "weighted avg": {
        "precision": 0.3747359006421963,
        "recall": 0.28489208633093527,
        "f1-score": 0.2936346958033706,
        "support": 3475.0
    }
}