{
    "Community": {
        "precision": 0.41700404858299595,
        "recall": 0.45374449339207046,
        "f1-score": 0.4345991561181435,
        "support": 681.0
    },
    "Entertainment": {
        "precision": 0.1872146118721461,
        "recall": 0.20098039215686275,
        "f1-score": 0.1938534278959811,
        "support": 204.0
    },
    "Food": {
        "precision": 0.5287769784172662,
        "recall": 0.1241554054054054,
        "f1-score": 0.20109439124487005,
        "support": 1184.0
    },
    "Nightlife": {
        "precision": 0.16265060240963855,
        "recall": 0.39705882352941174,
        "f1-score": 0.23076923076923078,
        "support": 136.0
    },
    "Outdoors": {
        "precision": 0.09965635738831616,
        "recall": 0.3493975903614458,
        "f1-score": 0.15508021390374332,
        "support": 166.0
    },
    "Shopping": {
        "precision": 0.3654618473895582,
        "recall": 0.4141069397042093,
        "f1-score": 0.38826666666666665,
        "support": 879.0
    },
    "Travel": {
        "precision": 0.18292682926829268,
        "recall": 0.26548672566371684,
        "f1-score": 0.21660649819494585,
        "support": 226.0
    },
    "macro avg": {
        "precision": 0.2776701821897449,
        "recall": 0.3149900528875889,
        "f1-score": 0.26003851211336876,
        "support": 3476.0
    },
    "weighted avg": {
        "precision": 0.38823053650092304,
        "recall": 0.297180667433832,
        "f1-score": 0.29372016206152374,
        "support": 3476.0
    }
}