{
    "fold_number": 3,
    "duration": 38.86788463592529,
    "best_epochs": {
        "category": {
            "epoch": 49,
            "accuracy": 1.0,
            "f1": 1.0,
            "time": 38.59369897842407
        },
        "next": {
            "epoch": 21,
            "accuracy": 0.32201438848920866,
            "f1": 0.2733963621412968,
            "time": 19.098942756652832
        }
    }
}