{
    "fold_number": 2,
    "duration": 38.690443992614746,
    "best_epochs": {
        "category": {
            "epoch": 49,
            "accuracy": 1.0,
            "f1": 1.0,
            "time": 38.41885685920715
        },
        "next": {
            "epoch": 34,
            "accuracy": 0.28489208633093527,
            "f1": 0.25729739516009714,
            "time": 27.647242784500122
        }
    }
}