{
    "fold_number": 1,
    "duration": 47.638025760650635,
    "best_epochs": {
        "category": {
            "epoch": 49,
            "accuracy": 1.0,
            "f1": 1.0,
            "time": 46.82052397727966
        },
        "next": {
            "epoch": 19,
            "accuracy": 0.297180667433832,
            "f1": 0.26003851211336876,
            "time": 24.414483547210693
        }
    }
}