{
    "Community": {
        "precision": 0.47522935779816516,
        "recall": 0.3803230543318649,
        "f1-score": 0.42251223491027734,
        "support": 681.0
    },
    "Entertainment": {
        "precision": 0.14356435643564355,
        "recall": 0.28292682926829266,
        "f1-score": 0.19047619047619047,
        "support": 205.0
    },
    "Food": {
        "precision": 0.4915254237288136,
        "recall": 0.19594594594594594,
        "f1-score": 0.28019323671497587,
        "support": 1184.0
    },
    "Nightlife": {
        "precision": 0.14127423822714683,
        "recall": 0.375,
        "f1-score": 0.2052313883299799,
        "support": 136.0
    },
    "Outdoors": {
        "precision": 0.12949640287769784,
        "recall": 0.21818181818181817,
        "f1-score": 0.16252821670428894,
        "support": 165.0
    },
    "Shopping": {
        "precision": 0.37011294526498695,
        "recall": 0.48464163822525597,
        "f1-score": 0.41970443349753694,
        "support": 879.0
    },
    "Travel": {
        "precision": 0.2159090909090909,
        "recall": 0.25333333333333335,
        "f1-score": 0.2331288343558282,
        "support": 225.0
    },
    "macro avg": {
        "precision": 0.28101597360593494,
        "recall": 0.31290751704093017,
        "f1-score": 0.2733963621412968,
        "support": 3475.0
    },
    "weighted avg": {
        "precision": 0.3883502200405623,
        "recall": 0.32201438848920866,
        "f1-score": 0.3265122453627426,
        "support": 3475.0
    }
}