{
    "Community": {
        "precision": 0.0,
        "recall": 0.0,
        "f1-score": 0.0,
        "support": 32.0
    },
    "Entertainment": {
        "precision": 0.0,
        "recall": 0.0,
        "f1-score": 0.0,
        "support": 21.0
    },
    "Food": {
        "precision": 0.36231884057971014,
        "recall": 0.8928571428571429,
        "f1-score": 0.5154639175257731,
        "support": 140.0
    },
    "Nightlife": {
        "precision": 0.0,
        "recall": 0.0,
        "f1-score": 0.0,
        "support": 28.0
    },
    "Outdoors": {
        "precision": 0.0,
        "recall": 0.0,
        "f1-score": 0.0,
        "support": 31.0
    },
    "Shopping": {
        "precision": 0.0,
        "recall": 0.0,
        "f1-score": 0.0,
        "support": 103.0
    },
    "Travel": {
        "precision": 0.31746031746031744,
        "recall": 0.37735849056603776,
        "f1-score": 0.3448275862068966,
        "support": 53.0
    },
    "macro avg": {
        "precision": 0.09711130829143252,
        "recall": 0.1814593762033115,
        "f1-score": 0.12289878624752425,
        "support": 408.0
    },
    "weighted avg": {
        "precision": 0.16556381006508883,
        "recall": 0.3553921568627451,
        "f1-score": 0.22166865324160237,
        "support": 408.0
    }
}