{
    "fold_number": 2,
    "duration": 6.551794052124023,
    "best_epochs": {
        "category": {
            "epoch": 2,
            "accuracy": 0.3480392156862745,
            "f1": 0.1335023345818934,
            "time": 1.1990389823913574
        },
        "next": {
            "epoch": 21,
            "accuracy": 0.3256880733944954,
            "f1": 0.3214214118694419,
            "time": 3.3877482414245605
        }
    }
}