{
    "Community": {
        "precision": 0.0,
        "recall": 0.0,
        "f1-score": 0.0,
        "support": 33.0
    },
    "Entertainment": {
        "precision": 0.0,
        "recall": 0.0,
        "f1-score": 0.0,
        "support": 20.0
    },
    "Food": {
        "precision": 0.35542168674698793,
        "recall": 0.8489208633093526,
        "f1-score": 0.5010615711252654,
        "support": 139.0
    },
    "Nightlife": {
        "precision": 0.0,
        "recall": 0.0,
        "f1-score": 0.0,
        "support": 28.0
    },
    "Outdoors": {
        "precision": 0.0,
        "recall": 0.0,
        "f1-score": 0.0,
        "support": 32.0
    },
    "Shopping": {
        "precision": 0.36666666666666664,
        "recall": 0.10679611650485436,
        "f1-score": 0.16541353383458646,
        "support": 103.0
    },
    "Travel": {
        "precision": 0.29545454545454547,
        "recall": 0.24528301886792453,
        "f1-score": 0.26804123711340205,
        "support": 53.0
    },
    "macro avg": {
        "precision": 0.14536327126688572,
        "recall": 0.1715714283831616,
        "f1-score": 0.1335023345818934,
        "support": 408.0
    },
    "weighted avg": {
        "precision": 0.25203277459212964,
        "recall": 0.3480392156862745,
        "f1-score": 0.24728269102545247,
        "support": 408.0
    }
}