{
    "fold_number": 1,
    "duration": 7.935312271118164,
    "best_epochs": {
        "category": {
            "epoch": 18,
            "accuracy": 0.3553921568627451,
            "f1": 0.12289878624752425,
            "time": 4.519139289855957
        },
        "next": {
            "epoch": 10,
            "accuracy": 0.3853211009174312,
            "f1": 0.33460678746204814,
            "time": 3.605848789215088
        }
    }
}