{
    "Community": {
        "precision": 0.0,
        "recall": 0.0,
        "f1-score": 0.0,
        "support": 114.0
    },
    "Entertainment": {
        "precision": 0.0,
        "recall": 0.0,
        "f1-score": 0.0,
        "support": 62.0
    },
    "Food": {
        "precision": 0.36353591160220994,
        "recall": 0.9648093841642229,
        "f1-score": 0.5280898876404494,
        "support": 341.0
    },
    "Nightlife": {
        "precision": 0.0,
        "recall": 0.0,
        "f1-score": 0.0,
        "support": 75.0
    },
    "Outdoors": {
        "precision": 0.0,
        "recall": 0.0,
        "f1-score": 0.0,
        "support": 47.0
    },
    "Shopping": {
        "precision": 0.2777777777777778,
        "recall": 0.04201680672268908,
        "f1-score": 0.072992700729927,
        "support": 238.0
    },
    "Travel": {
        "precision": 0.0,
        "recall": 0.0,
        "f1-score": 0.0,
        "support": 64.0
    },
    "macro avg": {
        "precision": 0.09161624133999825,
        "recall": 0.14383231298384458,
        "f1-score": 0.08586894119576806,
        "support": 941.0
    },
    "weighted avg": {
        "precision": 0.2019945345031506,
        "recall": 0.3602550478214665,
        "f1-score": 0.20983093991404453,
        "support": 941.0
    }
}