{
    "Community": {
        "precision": 0.0,
        "recall": 0.0,
        "f1-score": 0.0,
        "support": 114.0
    },
    "Entertainment": {
        "precision": 0.0,
        "recall": 0.0,
        "f1-score": 0.0,
        "support": 61.0
    },
    "Food": {
        "precision": 0.367032967032967,
        "recall": 0.9823529411764705,
        "f1-score": 0.5344,
        "support": 340.0
    },
    "Nightlife": {
        "precision": 0.0,
        "recall": 0.0,
        "f1-score": 0.0,
        "support": 76.0
    },
    "Outdoors": {
        "precision": 0.0,
        "recall": 0.0,
        "f1-score": 0.0,
        "support": 47.0
    },
    "Shopping": {
        "precision": 0.3548387096774194,
        "recall": 0.04602510460251046,
        "f1-score": 0.08148148148148149,
        "support": 239.0
    },
    "Travel": {
        "precision": 0.0,
        "recall": 0.0,
        "f1-score": 0.0,
        "support": 64.0
    },
    "macro avg": {
        "precision": 0.1031245252443409,
        "recall": 0.1469111493969973,
        "f1-score": 0.08798306878306879,
        "support": 941.0
    },
    "weighted avg": {
        "precision": 0.2227392777939554,
        "recall": 0.36663124335812963,
        "f1-score": 0.21378328807021688,
        "support": 941.0
    }
}