{
    "Community": {
        "precision": 0.0,
        "recall": 0.0,
        "f1-score": 0.0,
        "support": 114.0
    },
    "Entertainment": {
        "precision": 0.0,
        "recall": 0.0,
        "f1-score": 0.0,
        "support": 62.0
    },
    "Food": {
        "precision": 0.3671444321940463,
        "recall": 0.9765395894428153,
        "f1-score": 0.5336538461538461,
        "support": 341.0
    },
    "Nightlife": {
        "precision": 0.0,
        "recall": 0.0,
        "f1-score": 0.0,
        "support": 76.0
    },
    "Outdoors": {
        "precision": 0.0,
        "recall": 0.0,
        "f1-score": 0.0,
        "support": 46.0
    },
    "Shopping": {
        "precision": 0.2,
        "recall": 0.029288702928870293,
        "f1-score": 0.051094890510948905,
        "support": 239.0
    },
    "Travel": {
        "precision": 0.0,
        "recall": 0.0,
        "f1-score": 0.0,
        "support": 64.0
    },
    "macro avg": {
        "precision": 0.08102063317057805,
        "recall": 0.14368975605309792,
        "f1-score": 0.08353553380925645,
        "support": 942.0
    },
    "weighted avg": {
        "precision": 0.18364782524221848,
        "recall": 0.3609341825902335,
        "f1-score": 0.20614399190082625,
        "support": 942.0
    }
}