{
    "Community": {
        "precision": 0.5465116279069767,
        "recall": 0.43119266055045874,
        "f1-score": 0.48205128205128206,
        "support": 109.0
    },
    "Entertainment": {
        "precision": 0.2441860465116279,
        "recall": 0.40384615384615385,
        "f1-score": 0.30434782608695654,
        "support": 52.0
    },
    "Food": {
        "precision": 0.49748743718592964,
        "recall": 0.43043478260869567,
        "f1-score": 0.46153846153846156,
        "support": 230.0
    },
    "Nightlife": {
        "precision": 0.16923076923076924,
        "recall": 0.3055555555555556,
        "f1-score": 0.21782178217821782,
        "support": 36.0
    },
    "Outdoors": {
        "precision": 0.13513513513513514,
        "recall": 0.2777777777777778,
        "f1-score": 0.18181818181818182,
        "support": 18.0
    },
    "Shopping": {
        "precision": 0.4230769230769231,
        "recall": 0.2558139534883721,
        "f1-score": 0.3188405797101449,
        "support": 129.0
    },
    "Travel": {
        "precision": 0.2926829268292683,
        "recall": 0.4067796610169492,
        "f1-score": 0.3404255319148936,
        "support": 59.0
    },
    "macro avg": {
        "precision": 0.3297586951252328,
        "recall": 0.3587715064062804,
        "f1-score": 0.32954909218544837,
        "support": 633.0
    },
    "weighted avg": {
        "precision": 0.4218949578164596,
        "recall": 0.3791469194312796,
        "f1-score": 0.38997373688892284,
        "support": 633.0
    }
}