{
    "fold_number": 2,
    "duration": 12.63331127166748,
    "best_epochs": {
        "next": {
            "epoch": 19,
            "accuracy": 0.3791469194312796,
            "f1": 0.32954909218544837,
            "time": 5.481242656707764
        },
        "category": {
            "epoch": 7,
            "accuracy": 0.36663124335812963,
            "f1": 0.08798306878306879,
            "time": 2.8513545989990234
        }
    }
}