{
    "fold_number": 3,
    "duration": 13.182314395904541,
    "best_epochs": {
        "next": {
            "epoch": 17,
            "accuracy": 0.3412322274881517,
            "f1": 0.31568144426413475,
            "time": 5.20828914642334
        },
        "category": {
            "epoch": 26,
            "accuracy": 0.3602550478214665,
            "f1": 0.08586894119576806,
            "time": 7.594395160675049
        }
    }
}