{
    "Community": {
        "precision": 0.5294117647058824,
        "recall": 0.24770642201834864,
        "f1-score": 0.3375,
        "support": 109.0
    },
    "Entertainment": {
        "precision": 0.20754716981132076,
        "recall": 0.43137254901960786,
        "f1-score": 0.2802547770700637,
        "support": 51.0
    },
    "Food": {
        "precision": 0.42613636363636365,
        "recall": 0.32608695652173914,
        "f1-score": 0.3694581280788177,
        "support": 230.0
    },
    "Nightlife": {
        "precision": 0.24390243902439024,
        "recall": 0.2777777777777778,
        "f1-score": 0.2597402597402597,
        "support": 36.0
    },
    "Outdoors": {
        "precision": 0.19230769230769232,
        "recall": 0.2777777777777778,
        "f1-score": 0.22727272727272727,
        "support": 18.0
    },
    "Shopping": {
        "precision": 0.3212121212121212,
        "recall": 0.4108527131782946,
        "f1-score": 0.36054421768707484,
        "support": 129.0
    },
    "Travel": {
        "precision": 0.35294117647058826,
        "recall": 0.4,
        "f1-score": 0.375,
        "support": 60.0
    },
    "macro avg": {
        "precision": 0.32477981816690843,
        "recall": 0.3387963137562208,
        "f1-score": 0.31568144426413475,
        "support": 633.0
    },
    "weighted avg": {
        "precision": 0.38097474271832166,
        "recall": 0.3412322274881517,
        "f1-score": 0.3451937213458016,
        "support": 633.0
    }
}