{
    "Community": {
        "precision": 0.5089285714285714,
        "recall": 0.5277777777777778,
        "f1-score": 0.5181818181818182,
        "support": 108.0
    },
    "Entertainment": {
        "precision": 0.2261904761904762,
        "recall": 0.37254901960784315,
        "f1-score": 0.2814814814814815,
        "support": 51.0
    },
    "Food": {
        "precision": 0.5614035087719298,
        "recall": 0.2794759825327511,
        "f1-score": 0.37317784256559766,
        "support": 229.0
    },
    "Nightlife": {
        "precision": 0.12903225806451613,
        "recall": 0.32432432432432434,
        "f1-score": 0.18461538461538463,
        "support": 37.0
    },
    "Outdoors": {
        "precision": 0.09090909090909091,
        "recall": 0.15789473684210525,
        "f1-score": 0.11538461538461539,
        "support": 19.0
    },
    "Shopping": {
        "precision": 0.422680412371134,
        "recall": 0.3178294573643411,
        "f1-score": 0.36283185840707965,
        "support": 129.0
    },
    "Travel": {
        "precision": 0.25,
        "recall": 0.4166666666666667,
        "f1-score": 0.3125,
        "support": 60.0
    },
    "macro avg": {
        "precision": 0.31273490253367403,
        "recall": 0.34235970930225845,
        "f1-score": 0.306881857233711,
        "support": 633.0
    },
    "weighted avg": {
        "precision": 0.42826009949495736,
        "recall": 0.34913112164297,
        "f1-score": 0.363910433687684,
        "support": 633.0
    }
}