{
    "fold_number": 1,
    "duration": 13.803843259811401,
    "best_epochs": {
        "next": {
            "epoch": 36,
            "accuracy": 0.34913112164297,
            "f1": 0.306881857233711,
            "time": 10.970848560333252
        },
        "category": {
            "epoch": 8,
            "accuracy": 0.3609341825902335,
            "f1": 0.08353553380925645,
            "time": 4.6030919551849365
        }
    }
}