{
    "next": {
        "accuracy": {
            "mean": 0.30702132885176325,
            "std": 0.004105842892847135,
            "min": 0.30264672036823936,
            "max": 0.3107913669064748
        },
        "f1": {
            "mean": 0.26396354966632707,
            "std": 0.0037910077681177707,
            "min": 0.2595962421490306,
            "max": 0.2664054836699682
        }
    },
    "category": {
        "accuracy": {
            "mean": 0.765507839127471,
            "std": 0.006915384468821145,
            "min": 0.7575226409582237,
            "max": 0.7695004382120947
        },
        "f1": {
            "mean": 0.7241808109372074,
            "std": 0.0051841213593375275,
            "min": 0.7181976157201034,
            "max": 0.7273341042904699
        }
    }
}