{
    "fold_number": 1,
    "duration": 13.066087007522583,
    "best_epochs": {
        "category": {
            "epoch": 18,
            "accuracy": 0.3553921568627451,
            "f1": 0.12289878624752425,
            "time": 9.539608478546143
        },
        "next": {
            "epoch": 10,
            "accuracy": 0.3853211009174312,
            "f1": 0.33460678746204814,
            "time": 8.614692449569702
        }
    }
}