{
    "fold_number": 3,
    "duration": 6.907527446746826,
    "best_epochs": {
        "category": {
            "epoch": 26,
            "accuracy": 0.33578431372549017,
            "f1": 0.11144367979606298,
            "time": 4.231395721435547
        },
        "next": {
            "epoch": 10,
            "accuracy": 0.38073394495412843,
            "f1": 0.3284922839812527,
            "time": 2.2535762786865234
        }
    }
}