{
    "Community": {
        "precision": 0.47692307692307695,
        "recall": 0.7045454545454546,
        "f1-score": 0.5688073394495413,
        "support": 44.0
    },
    "Entertainment": {
        "precision": 0.16666666666666666,
        "recall": 0.2857142857142857,
        "f1-score": 0.21052631578947367,
        "support": 7.0
    },
    "Food": {
        "precision": 0.5,
        "recall": 0.16666666666666666,
        "f1-score": 0.25,
        "support": 60.0
    },
    "Nightlife": {
        "precision": 0.75,
        "recall": 0.25,
        "f1-score": 0.375,
        "support": 12.0
    },
    "Outdoors": {
        "precision": 0.25,
        "recall": 0.26666666666666666,
        "f1-score": 0.25806451612903225,
        "support": 15.0
    },
    "Shopping": {
        "precision": 0.3888888888888889,
        "recall": 0.15555555555555556,
        "f1-score": 0.2222222222222222,
        "support": 45.0
    },
    "Travel": {
        "precision": 0.3253012048192771,
        "recall": 0.7714285714285715,
        "f1-score": 0.4576271186440678,
        "support": 35.0
    },
    "macro avg": {
        "precision": 0.40825426247112995,
        "recall": 0.3715110286538858,
        "f1-score": 0.33460678746204814,
        "support": 218.0
    },
    "weighted avg": {
        "precision": 0.4302147899998016,
        "recall": 0.3853211009174312,
        "f1-score": 0.34811524789350456,
        "support": 218.0
    }
}