{
    "Community": {
        "precision": 0.5714285714285714,
        "recall": 0.5454545454545454,
        "f1-score": 0.5581395348837209,
        "support": 44.0
    },
    "Entertainment": {
        "precision": 0.09259259259259259,
        "recall": 0.7142857142857143,
        "f1-score": 0.16393442622950818,
        "support": 7.0
    },
    "Food": {
        "precision": 0.36666666666666664,
        "recall": 0.18333333333333332,
        "f1-score": 0.24444444444444444,
        "support": 60.0
    },
    "Nightlife": {
        "precision": 0.3125,
        "recall": 0.38461538461538464,
        "f1-score": 0.3448275862068966,
        "support": 13.0
    },
    "Outdoors": {
        "precision": 0.3125,
        "recall": 0.3333333333333333,
        "f1-score": 0.3225806451612903,
        "support": 15.0
    },
    "Shopping": {
        "precision": 0.25,
        "recall": 0.15555555555555556,
        "f1-score": 0.1917808219178082,
        "support": 45.0
    },
    "Travel": {
        "precision": 0.4375,
        "recall": 0.4117647058823529,
        "f1-score": 0.42424242424242425,
        "support": 34.0
    },
    "macro avg": {
        "precision": 0.33474111866969014,
        "recall": 0.38976322463717417,
        "f1-score": 0.3214214118694419,
        "support": 218.0
    },
    "weighted avg": {
        "precision": 0.3792018591330518,
        "recall": 0.3256880733944954,
        "f1-score": 0.33370731602665027,
        "support": 218.0
    }
}