{
    "fold_number": 1,
    "duration": 10.046231746673584,
    "best_epochs": {
        "next": {
            "epoch": 11,
            "accuracy": 0.42201834862385323,
            "f1": 0.3637697362034858,
            "time": 4.100336313247681
        },
        "category": {
            "epoch": 28,
            "accuracy": 0.99365234375,
            "f1": 0.9876888316886785,
            "time": 7.212713956832886
        }
    }
}