{
    "fold_number": 3,
    "duration": 9.045907974243164,
    "best_epochs": {
        "next": {
            "epoch": 24,
            "accuracy": 0.3440366972477064,
            "f1": 0.2967323681609396,
            "time": 5.529752969741821
        },
        "category": {
            "epoch": 39,
            "accuracy": 0.99609375,
            "f1": 0.9937321129075051,
            "time": 7.584704875946045
        }
    }
}