{
    "Community": {
        "precision": 0.47540983606557374,
        "recall": 0.6744186046511628,
        "f1-score": 0.5576923076923077,
        "support": 43.0
    },
    "Entertainment": {
        "precision": 0.05263157894736842,
        "recall": 0.125,
        "f1-score": 0.07407407407407407,
        "support": 8.0
    },
    "Food": {
        "precision": 0.5555555555555556,
        "recall": 0.16666666666666666,
        "f1-score": 0.2564102564102564,
        "support": 60.0
    },
    "Nightlife": {
        "precision": 0.2,
        "recall": 0.3333333333333333,
        "f1-score": 0.25,
        "support": 12.0
    },
    "Outdoors": {
        "precision": 0.21739130434782608,
        "recall": 0.3125,
        "f1-score": 0.2564102564102564,
        "support": 16.0
    },
    "Shopping": {
        "precision": 0.2564102564102564,
        "recall": 0.2222222222222222,
        "f1-score": 0.23809523809523808,
        "support": 45.0
    },
    "Travel": {
        "precision": 0.42105263157894735,
        "recall": 0.47058823529411764,
        "f1-score": 0.4444444444444444,
        "support": 34.0
    },
    "macro avg": {
        "precision": 0.31120730898650395,
        "recall": 0.32924700888107183,
        "f1-score": 0.2967323681609396,
        "support": 218.0
    },
    "weighted avg": {
        "precision": 0.39417211374973815,
        "recall": 0.3440366972477064,
        "f1-score": 0.3343391657611841,
        "support": 218.0
    }
}