{
    "Community": {
        "precision": 0.9972144846796658,
        "recall": 0.9944444444444445,
        "f1-score": 0.9958275382475661,
        "support": 360.0
    },
    "Entertainment": {
        "precision": 0.9078947368421053,
        "recall": 1.0,
        "f1-score": 0.9517241379310345,
        "support": 69.0
    },
    "Food": {
        "precision": 1.0,
        "recall": 0.9933444259567388,
        "f1-score": 0.996661101836394,
        "support": 601.0
    },
    "Nightlife": {
        "precision": 1.0,
        "recall": 0.9649122807017544,
        "f1-score": 0.9821428571428571,
        "support": 114.0
    },
    "Outdoors": {
        "precision": 1.0,
        "recall": 0.9885057471264368,
        "f1-score": 0.9942196531791907,
        "support": 174.0
    },
    "Shopping": {
        "precision": 0.9887133182844243,
        "recall": 0.9977220956719818,
        "f1-score": 0.9931972789115646,
        "support": 439.0
    },
    "Travel": {
        "precision": 1.0,
        "recall": 1.0,
        "f1-score": 1.0,
        "support": 291.0
    },
    "macro avg": {
        "precision": 0.9848317914008851,
        "recall": 0.9912755705573366,
        "f1-score": 0.9876817953212296,
        "support": 2048.0
    },
    "weighted avg": {
        "precision": 0.9939878408465075,
        "recall": 0.99365234375,
        "f1-score": 0.993716949365078,
        "support": 2048.0
    }
}