{
    "Community": {
        "precision": 0.9916897506925207,
        "recall": 1.0,
        "f1-score": 0.9958275382475661,
        "support": 358.0
    },
    "Entertainment": {
        "precision": 0.9452054794520548,
        "recall": 1.0,
        "f1-score": 0.971830985915493,
        "support": 69.0
    },
    "Food": {
        "precision": 1.0,
        "recall": 0.9966832504145937,
        "f1-score": 0.9983388704318937,
        "support": 603.0
    },
    "Nightlife": {
        "precision": 1.0,
        "recall": 1.0,
        "f1-score": 1.0,
        "support": 114.0
    },
    "Outdoors": {
        "precision": 1.0,
        "recall": 0.9942857142857143,
        "f1-score": 0.997134670487106,
        "support": 175.0
    },
    "Shopping": {
        "precision": 0.9977064220183486,
        "recall": 0.9908883826879271,
        "f1-score": 0.9942857142857143,
        "support": 439.0
    },
    "Travel": {
        "precision": 1.0,
        "recall": 0.996551724137931,
        "f1-score": 0.998272884283247,
        "support": 290.0
    },
    "macro avg": {
        "precision": 0.9906573788804176,
        "recall": 0.9969155816465952,
        "f1-score": 0.9936700948072886,
        "support": 2048.0
    },
    "weighted avg": {
        "precision": 0.9962095840313328,
        "recall": 0.99609375,
        "f1-score": 0.9961181972363492,
        "support": 2048.0
    }
}