{
    "fold_number": 2,
    "duration": 8.828305959701538,
    "best_epochs": {
        "next": {
            "epoch": 10,
            "accuracy": 0.40825688073394495,
            "f1": 0.3604126711488735,
            "time": 2.5588183403015137
        },
        "category": {
            "epoch": 33,
            "accuracy": 0.99755859375,
            "f1": 0.9956365683131084,
            "time": 6.6034746170043945
        }
    }
}