{
    "category": {
        "accuracy": {
            "mean": 1.0,
            "std": 0.0,
            "min": 1.0,
            "max": 1.0
        },
        "f1": {
            "mean": 1.0,
            "std": 0.0,
            "min": 1.0,
            "max": 1.0
        }
    },
    "next": {
        "accuracy": {
            "mean": 0.3013623807513253,
            "std": 0.018911144177040505,
            "min": 0.28489208633093527,
            "max": 0.32201438848920866
        },
        "f1": {
            "mean": 0.2635774231382542,
            "std": 0.008613193536486992,
            "min": 0.25729739516009714,
            "max": 0.2733963621412968
        }
    }
}